{
  "project_info": {
    "project_number": "31739220617",
    "project_id": "mob403-su23-b2-3",
    "storage_bucket": "mob403-su23-b2-3.appspot.com"
  },
  "client": [
    {
      "client_info": {
        "mobilesdk_app_id": "1:31739220617:android:493952a1f410941232ac58",
        "android_client_info": {
          "package_name": "com.annvph001.app1"
        }
      },
      "oauth_client": [
        {
          "client_id": "31739220617-7k20et7a5o5ch3lijuj3ajkvlgtlpo7i.apps.googleusercontent.com",
          "client_type": 3
        }
      ],
      "api_key": [
        {
          "current_key": "AIzaSyCkFtLQ01BQhNYaR7rn35YA8uVts9myiB4"
        }
      ],
      "services": {
        "appinvite_service": {
          "other_platform_oauth_client": [
            {
              "client_id": "31739220617-7k20et7a5o5ch3lijuj3ajkvlgtlpo7i.apps.googleusercontent.com",
              "client_type": 3
            }
          ]
        }
      }
    },
    {
      "client_info": {
        "mobilesdk_app_id": "1:31739220617:android:376cd24e8ddd6c8632ac58",
        "android_client_info": {
          "package_name": "com.hnq40.myapplication3"
        }
      },
      "oauth_client": [
        {
          "client_id": "31739220617-7k20et7a5o5ch3lijuj3ajkvlgtlpo7i.apps.googleusercontent.com",
          "client_type": 3
        }
      ],
      "api_key": [
        {
          "current_key": "AIzaSyCkFtLQ01BQhNYaR7rn35YA8uVts9myiB4"
        }
      ],
      "services": {
        "appinvite_service": {
          "other_platform_oauth_client": [
            {
              "client_id": "31739220617-7k20et7a5o5ch3lijuj3ajkvlgtlpo7i.apps.googleusercontent.com",
              "client_type": 3
            }
          ]
        }
      }
    },
    {
      "client_info": {
        "mobilesdk_app_id": "1:31739220617:android:7a718c30122004df32ac58",
        "android_client_info": {
          "package_name": "com.hungnq40.myapplication40"
        }
      },
      "oauth_client": [
        {
          "client_id": "31739220617-7k20et7a5o5ch3lijuj3ajkvlgtlpo7i.apps.googleusercontent.com",
          "client_type": 3
        }
      ],
      "api_key": [
        {
          "current_key": "AIzaSyCkFtLQ01BQhNYaR7rn35YA8uVts9myiB4"
        }
      ],
      "services": {
        "appinvite_service": {
          "other_platform_oauth_client": [
            {
              "client_id": "31739220617-7k20et7a5o5ch3lijuj3ajkvlgtlpo7i.apps.googleusercontent.com",
              "client_type": 3
            }
          ]
        }
      }
    }
  ],
  "configuration_version": "1"
}